County,01/01/2022,01/02/2022,01/03/2022,01/04/2022,01/05/2022,01/06/2022,01/07/2022,01/08/2022,01/09/2022,01/10/2022,01/11/2022,01/12/2022,01/13/2022,01/14/2022,01/15/2022,01/16/2022,01/17/2022,01/18/2022,01/19/2022,01/20/2022,01/21/2022,01/22/2022,01/23/2022,01/24/2022,01/25/2022,01/26/2022,01/27/2022,01/28/2022,01/29/2022,01/30/2022,01/31/2022,02/01/2022,02/02/2022,02/03/2022,02/04/2022,02/05/2022,02/06/2022,02/07/2022,02/08/2022,02/09/2022,02/10/2022,02/11/2022,02/12/2022,02/13/2022,02/14/2022,02/15/2022,02/16/2022,02/17/2022,02/18/2022,02/19/2022,02/20/2022,02/21/2022,02/22/2022,02/23/2022,02/24/2022,02/25/2022,02/26/2022,02/27/2022,02/28/2022,03/01/2022,03/02/2022,03/03/2022,03/04/2022,03/05/2022
Anderson,48,42,54,33,34,18,22,27,12,52,39,22,63,29,22,23,27,9,13,43,34,35,25,18,14,19,16,8,9,23,7,8,11,39,8,8,11,4,5,1,1,3,7,4,1,5,4,4,1,2,1,1,4,1,1,1,2,0,0,1,0,3,1,2
Andrews,3,3,1,10,44,37,32,37,6,1,11,38,135,46,62,76,10,3,35,27,20,58,5,0,58,28,31,4,16,22,1,21,2,12,2,0,0,1,0,7,3,5,0,0,0,1,1,1,0,0,0,0,0,0,1,1,1,0,0,0,0,1,0,0
Angelina,42,34,48,32,27,12,60,24,27,26,37,46,27,70,62,19,56,26,36,83,74,70,53,43,42,28,55,32,30,56,38,21,34,37,32,8,31,12,6,18,11,18,8,10,7,4,4,1,6,2,0,5,2,0,1,6,9,0,0,1,0,0,2,1
Aransas,8,10,10,8,22,17,21,15,14,20,16,39,42,29,27,25,16,22,45,22,43,36,31,26,42,22,22,25,30,36,23,21,26,25,24,6,27,15,28,18,9,13,7,2,11,6,4,2,6,7,2,2,5,4,3,2,0,3,2,3,1,3,1,1
Archer,9,16,17,22,15,9,17,5,9,13,19,37,21,19,40,5,27,22,12,22,13,21,16,18,14,12,14,19,15,9,14,9,13,4,7,0,8,1,3,7,3,3,4,2,0,1,2,1,2,0,2,0,1,0,0,0,1,0,1,1,2,0,0,0
Armstrong,0,1,3,1,1,1,0,2,1,0,0,2,0,3,1,2,0,3,0,1,1,0,4,4,2,2,2,0,2,0,1,0,2,1,0,0,0,0,0,1,6,0,1,0,1,0,0,0,0,0,0,1,0,0,1,0,1,0,0,1,0,0,1,0
Atascosa,37,36,42,55,40,26,43,49,44,76,114,135,88,66,151,86,333,89,134,155,102,166,75,127,250,64,73,69,151,55,30,57,46,40,43,61,34,14,22,22,15,29,38,12,3,10,12,10,4,25,9,5,3,2,10,3,9,1,13,9,8,6,5,7
Austin,33,39,33,57,23,17,35,20,22,21,26,31,49,31,47,37,43,22,30,29,32,51,41,36,28,15,21,22,28,33,30,20,32,25,19,12,27,13,6,14,12,14,10,7,3,9,5,5,18,8,2,2,6,6,4,7,4,1,1,1,3,3,4,3
Bailey,0,0,1,1,0,2,1,2,2,2,1,2,1,0,10,2,4,2,1,2,4,5,1,2,1,0,2,0,0,3,1,0,2,2,0,0,1,0,1,0,0,1,0,0,0,0,5,1,1,0,1,0,1,0,0,0,0,0,0,3,2,0,0,1
Bandera,19,14,11,29,13,13,7,16,4,14,17,14,23,18,24,8,25,12,13,15,17,7,29,17,21,9,28,17,14,13,8,20,8,17,17,6,13,9,4,5,10,8,3,4,4,1,4,1,0,3,0,2,0,2,1,0,1,1,2,2,1,3,1,3
Bastrop,109,146,143,81,94,66,135,119,96,111,99,141,245,181,137,48,351,94,158,158,151,131,88,57,79,52,93,38,64,49,66,78,53,36,50,27,16,28,33,32,40,118,62,17,9,34,15,16,6,17,3,6,9,6,11,4,15,0,11,9,4,1,10,4
Baylor,0,1,2,3,1,1,2,3,1,3,3,2,1,3,6,0,7,4,3,7,4,6,6,1,0,0,2,3,2,2,1,0,1,0,1,0,0,0,2,0,0,3,0,1,0,0,0,0,0,0,0,0,0,0,0,0,0,0,0,0,0,0,0,0
Bee,2,12,38,21,26,16,23,24,15,15,11,32,18,24,37,72,20,32,28,43,52,48,28,28,19,19,33,36,15,31,32,9,10,18,23,9,36,21,12,6,12,8,17,5,7,5,4,7,6,9,2,1,4,4,6,4,4,1,3,6,7,2,6,3
Bell,271,311,442,241,180,284,326,310,117,389,223,416,637,397,270,389,501,340,598,348,636,1508,655,498,576,265,327,300,387,244,283,199,225,330,226,140,135,85,88,109,90,137,78,52,44,56,54,33,44,25,20,19,37,10,28,24,15,7,30,7,13,15,19,13
Bexar,3536,3213,3566,4298,2750,1932,4450,3905,3362,4044,4388,8131,5515,3756,7115,4092,8669,5633,6832,5670,5551,4920,3720,6649,5372,4562,4335,4568,4755,2513,2666,5504,2695,1860,1637,1725,2281,1463,1153,871,1012,1100,871,707,410,1236,509,492,405,608,167,307,575,288,355,342,297,89,582,361,261,227,267,248
Blanco,9,10,11,5,8,1,6,1,3,9,6,15,15,8,11,3,17,8,9,4,8,18,9,9,14,12,10,7,7,14,20,12,5,7,8,2,10,2,2,5,7,15,4,2,1,2,1,2,2,5,1,1,1,1,2,1,0,1,1,5,0,0,2,0
Borden,2,0,1,0,1,3,1,0,0,0,3,1,3,1,1,0,0,1,0,0,3,0,0,1,1,0,0,1,0,0,0,1,0,0,0,0,0,0,0,0,0,0,0,0,0,0,0,0,0,0,0,0,0,0,0,0,0,0,0,0,0,0,0,1
Bosque,7,6,20,8,5,9,7,11,5,16,9,12,24,13,19,9,7,5,16,51,60,32,48,17,26,11,16,22,21,21,8,2,5,6,10,9,5,2,14,9,1,7,4,1,1,20,2,6,2,3,0,2,8,7,5,2,0,0,0,2,4,3,2,1
Bowie,29,36,52,57,35,32,85,68,70,85,38,91,91,114,112,41,135,40,46,112,140,91,93,70,51,33,64,98,61,31,41,24,69,85,55,34,29,8,30,12,73,26,29,15,7,10,3,14,17,11,1,3,10,16,12,8,20,1,3,3,1,3,2,2
Brazoria,1100,1068,1163,982,886,509,795,528,520,567,656,836,894,554,684,617,645,441,534,308,535,539,656,322,365,311,326,338,323,366,264,266,292,278,218,108,260,173,128,172,123,138,137,101,102,77,92,62,99,67,34,36,50,26,43,44,43,12,20,27,13,14,15,59
Brazos,940,384,627,443,505,826,826,463,380,432,410,276,587,409,818,565,452,231,499,406,661,562,851,352,219,476,388,383,420,314,175,107,245,366,199,70,164,62,50,142,125,99,70,43,47,28,42,63,43,34,17,11,30,21,27,29,12,7,11,10,16,23,14,12
Brewster,0,0,0,0,0,0,1,2,0,2,2,3,4,0,2,2,2,0,2,0,1,3,2,4,3,0,0,0,1,1,1,1,0,1,3,2,1,0,0,0,1,6,2,0,1,1,3,2,0,5,0,1,3,2,0,1,0,0,0,0,0,0,0,0
Briscoe,0,2,0,3,5,0,0,10,0,6,0,5,3,15,7,1,13,0,0,13,1,7,4,2,1,1,0,0,2,2,0,1,0,0,4,1,1,0,0,1,5,1,1,1,0,1,0,2,0,2,0,0,0,0,0,0,0,0,0,0,0,0,0,0
Brooks,0,2,0,2,0,4,3,4,2,2,7,5,5,11,4,5,7,5,4,16,9,11,4,1,6,1,2,14,9,1,3,9,1,4,4,7,0,1,1,2,6,5,0,3,8,0,1,2,7,2,1,1,0,0,3,2,0,0,0,0,3,2,0,1
Brown,5,16,24,15,15,22,8,19,9,25,23,52,37,66,23,26,72,32,26,23,51,282,39,16,45,13,28,43,31,12,39,33,20,50,14,9,12,6,19,27,32,33,5,2,2,23,27,50,12,11,0,3,16,39,17,32,36,0,0,28,42,31,51,20
Burleson,28,14,21,15,16,26,39,15,35,21,16,33,32,28,39,28,41,33,29,20,33,31,35,17,22,26,18,30,17,13,19,24,9,12,6,5,7,6,4,7,3,8,4,7,6,1,5,5,3,7,2,5,2,5,8,3,3,0,0,2,1,0,2,2
Burnet,30,21,37,31,29,18,21,24,27,27,28,87,71,66,37,21,39,51,79,40,46,64,54,31,57,40,36,78,36,46,28,28,34,20,32,44,28,11,13,20,26,21,7,70,9,11,11,8,6,9,5,3,5,2,4,7,2,4,1,7,5,13,44,2
Caldwell,115,121,162,151,80,124,157,104,55,158,69,81,129,77,106,73,115,103,171,79,187,138,149,50,61,122,121,91,62,69,56,45,47,67,52,12,42,15,16,37,44,44,24,19,8,12,18,10,9,10,4,6,4,6,5,4,7,4,6,6,1,3,5,0
Calhoun,2,24,21,18,10,7,25,17,8,24,27,30,20,33,91,20,26,11,6,12,26,52,25,40,0,3,5,11,28,11,14,2,2,2,24,0,17,12,1,3,4,10,11,3,2,1,2,8,5,7,3,4,3,1,7,15,8,1,2,3,4,2,1,1
Callahan,9,13,10,11,10,6,13,1,6,9,10,16,20,8,18,4,15,7,12,10,12,48,7,8,12,4,5,7,3,9,14,5,9,3,6,1,8,1,3,3,2,1,1,1,0,2,1,2,0,2,0,0,0,1,1,0,0,0,1,1,2,0,0,2
Cameron,260,329,528,629,270,179,652,469,435,747,292,435,1057,574,704,492,482,378,283,796,1126,700,823,741,354,212,559,266,595,547,300,272,279,279,287,159,249,537,132,82,298,196,200,173,131,96,74,182,78,248,55,77,49,32,56,83,45,20,29,25,15,64,32,46
Camp,4,4,8,2,11,4,2,10,7,7,15,9,10,7,9,3,5,7,9,18,15,17,19,8,6,2,8,5,11,7,2,2,4,5,4,1,3,1,0,3,5,2,1,4,3,1,1,1,1,3,1,1,8,9,6,5,0,0,1,1,0,2,2,3
Carson,0,3,4,4,2,2,6,5,2,1,4,12,5,5,5,3,3,2,4,7,9,6,6,3,8,2,5,6,1,0,2,2,7,7,7,0,0,2,2,1,11,0,4,2,2,5,4,2,3,0,0,1,0,2,0,2,1,0,0,2,0,0,5,2
Cass,20,11,12,16,13,35,32,19,17,37,15,41,54,58,46,24,18,44,62,64,61,28,30,13,31,12,67,34,37,21,12,14,40,28,34,28,9,12,65,56,30,12,9,2,5,1,6,6,2,3,1,0,5,6,13,3,15,0,2,0,1,0,3,2
Castro,12,10,1,1,1,3,20,14,2,17,15,1,6,49,39,2,73,5,3,4,57,2,2,51,0,0,0,12,28,0,23,0,3,14,4,0,4,1,0,3,12,4,1,0,0,0,1,2,3,2,0,0,0,3,0,1,1,0,0,1,0,0,1,0
Chambers,82,69,83,62,80,67,55,24,37,47,39,74,36,51,61,16,58,62,54,41,58,79,35,23,59,35,54,66,59,37,39,57,36,25,37,6,45,18,24,15,26,10,19,10,6,14,13,15,5,5,1,5,7,3,4,6,1,1,6,2,1,1,3,0
Cherokee,6,15,28,16,7,15,14,16,14,31,14,20,49,32,47,14,19,12,12,46,46,48,45,22,24,7,31,14,19,27,18,11,18,29,15,9,16,10,8,11,13,11,8,6,7,8,1,1,4,1,1,2,6,2,2,2,2,0,0,3,0,0,2,0
Childress,19,0,1,5,3,4,17,21,0,3,8,11,6,15,26,10,1,13,5,3,11,5,0,4,8,0,2,17,2,0,0,0,1,5,4,40,5,1,0,0,32,8,1,3,0,2,0,3,18,79,0,0,2,61,29,1,0,0,0,0,0,0,0,0
Clay,8,5,4,7,4,3,5,4,2,7,7,8,16,14,11,6,8,15,9,10,12,9,11,13,3,11,7,13,15,8,1,2,5,1,4,3,2,1,2,1,3,1,4,0,1,0,1,0,2,1,0,0,1,0,0,2,1,0,2,0,0,0,0,0
Cochran,1,5,2,0,4,0,10,4,5,0,1,7,16,8,6,3,0,4,13,3,7,9,3,0,10,3,2,3,0,1,1,3,0,0,0,0,0,1,1,0,0,1,0,0,0,0,0,1,0,0,0,0,0,0,0,2,0,0,0,0,0,0,0,5
Coke,2,3,1,4,2,1,4,4,1,1,3,3,4,0,3,2,4,0,3,1,1,2,0,2,0,3,3,3,1,1,4,0,0,0,2,1,0,0,0,0,0,4,0,0,1,0,0,0,0,1,0,0,0,0,0,0,0,0,0,0,0,1,0,0
Coleman,4,3,1,1,1,1,0,3,2,25,3,3,2,8,11,11,5,6,3,3,2,13,3,3,1,2,3,1,1,0,3,1,2,1,2,1,0,2,0,0,2,0,0,0,0,1,0,3,0,0,0,0,0,0,0,2,0,0,27,1,0,0,1,0
Collin,1006,1292,1342,1622,988,1405,839,1384,883,1245,1646,1922,1981,1205,1900,1087,2006,1406,1423,1250,1467,1866,1423,879,1130,503,1034,1007,984,740,755,775,648,629,602,395,425,380,271,277,331,347,251,164,112,281,145,125,109,208,33,66,153,100,99,59,116,15,28,125,140,95,173,127
Collingsworth,1,0,1,0,1,1,2,2,0,5,7,1,3,3,3,3,6,1,3,4,4,0,1,0,4,0,0,1,1,3,0,0,1,3,0,4,2,0,0,0,5,2,0,0,0,0,0,2,3,8,0,1,0,10,1,0,0,0,0,0,1,0,0,0
Colorado,16,14,25,46,18,9,20,17,13,18,13,18,39,14,24,8,13,8,7,28,29,22,19,5,9,4,9,5,18,14,10,12,10,33,20,6,9,10,5,4,5,8,0,3,3,4,7,7,20,16,0,1,2,2,10,8,3,0,5,0,2,1,4,3
Comal,174,219,237,196,118,126,193,188,161,186,128,185,222,190,157,138,273,212,283,222,384,235,324,240,99,194,170,155,223,126,159,197,119,85,99,95,108,54,41,42,58,48,36,39,39,36,23,30,41,29,15,12,14,20,24,13,20,7,99,13,7,15,5,15
Comanche,8,3,13,7,6,4,12,8,12,15,2,12,35,28,4,64,18,43,2,7,40,43,12,7,15,11,14,6,7,5,1,6,3,10,5,1,0,1,1,3,5,2,3,3,2,2,0,1,1,0,0,0,0,0,2,0,1,0,0,0,0,0,0,1
Concho,0,0,1,1,1,0,1,2,1,1,0,4,1,3,2,0,1,1,3,0,5,2,0,0,0,3,1,4,0,0,1,0,0,0,0,0,0,0,0,1,1,1,1,4,0,0,0,0,1,0,0,0,0,0,0,0,0,0,0,2,0,0,0,0
Cooke,14,23,34,35,20,22,32,51,16,30,43,20,71,92,60,54,27,35,41,59,47,51,24,19,27,13,17,14,20,19,20,33,16,15,14,13,11,3,2,7,15,10,7,4,1,4,0,2,2,6,1,0,2,3,5,1,3,0,0,7,12,6,2,11
Coryell,44,18,44,50,40,66,196,79,14,98,80,48,156,149,44,44,225,14,92,42,216,191,141,38,61,62,44,163,72,40,31,19,36,126,146,23,4,33,30,15,13,19,21,16,6,16,8,14,15,3,2,7,10,2,6,6,4,0,2,5,6,4,6,1
Cottle,0,0,0,0,0,0,0,1,0,0,0,0,1,2,0,2,1,2,0,1,1,0,0,1,0,0,0,3,0,1,0,1,1,0,0,1,0,0,0,0,0,0,0,0,0,0,0,0,0,0,0,0,0,2,0,1,0,0,0,0,0,0,0,0
Crane,0,1,0,3,3,0,0,2,1,2,2,4,3,3,2,1,8,3,4,4,2,2,1,2,3,0,4,3,2,0,2,2,0,5,2,1,1,0,1,2,0,0,1,2,0,1,0,1,0,1,0,0,0,0,0,0,0,0,0,0,0,0,0,0
Crockett,0,0,0,0,1,0,0,0,0,0,1,0,1,0,1,0,0,0,2,1,0,0,0,0,0,0,1,0,0,1,0,1,1,2,0,1,0,0,1,0,0,1,1,0,0,0,0,0,0,0,0,0,0,0,0,0,0,0,0,0,0,0,0,0
Crosby,1,7,7,7,6,8,3,7,8,1,6,8,9,5,14,4,8,2,2,6,3,12,6,2,11,1,1,6,0,2,4,4,3,2,2,0,0,1,0,2,0,2,2,0,0,0,0,0,0,0,0,0,1,0,0,0,0,0,0,0,0,0,0,7
Culberson,1,1,2,0,1,0,0,5,6,3,6,4,4,4,10,0,11,0,2,7,1,0,6,5,0,0,6,2,5,1,1,1,0,1,2,1,0,0,1,1,1,1,0,0,0,0,0,1,0,0,0,0,0,0,0,0,0,0,0,0,0,0,0,0
Dallam,0,0,0,4,2,5,2,4,0,1,2,3,4,1,6,3,1,1,0,0,1,16,1,0,12,3,10,5,21,1,0,0,1,8,28,5,0,0,19,8,5,4,10,0,1,23,19,12,0,0,0,0,0,7,3,0,1,0,0,5,0,0,0,3
Dallas,3413,3806,4195,4513,3236,3592,2364,3975,2766,3808,4406,5438,5652,5074,4560,2922,4591,3908,3549,3005,3167,3922,3768,1887,2262,1331,2055,3389,3145,1230,2080,1800,1411,1408,1210,1439,908,731,460,442,635,505,1703,705,316,701,208,259,247,475,78,377,246,96,145,1018,126,47,116,116,64,72,58,136
Dawson,2,4,1,2,6,0,2,3,6,4,4,4,10,12,2,10,8,7,7,4,6,1,7,1,11,3,5,1,3,6,1,1,3,1,1,0,0,2,0,0,1,0,0,1,0,1,0,0,1,1,0,0,0,0,0,2,0,0,0,1,0,0,0,4
Deaf Smith,9,2,10,6,8,7,10,17,7,6,12,6,15,24,21,7,7,11,12,11,23,17,7,12,12,11,6,2,6,1,4,1,6,11,2,1,0,2,7,0,158,13,11,1,0,3,2,4,6,1,0,0,6,20,7,4,3,0,0,4,10,0,6,15
Delta,5,8,7,5,4,5,4,3,1,4,7,8,12,9,9,2,4,9,9,3,7,13,5,7,5,4,15,6,5,4,5,4,5,3,2,2,12,0,4,4,2,1,1,1,0,0,0,2,0,0,0,0,1,3,2,0,0,0,1,1,0,1,0,0
Denton,897,1237,1267,1261,986,1393,700,1172,743,1154,1212,1822,1875,1261,1782,882,1733,1437,1247,923,1321,1328,1691,832,911,525,857,837,922,564,575,561,492,403,415,357,292,236,165,209,171,213,162,138,103,237,75,73,62,123,28,45,49,32,47,56,24,12,32,32,11,27,18,29
DeWitt,9,29,28,10,17,14,10,21,15,32,21,45,46,52,58,19,13,28,32,84,125,66,68,30,36,4,42,7,28,31,18,5,9,9,7,2,8,9,2,1,5,11,5,4,3,0,3,4,6,1,3,3,0,0,1,3,1,1,0,1,2,3,1,0
Dickens,0,1,1,2,0,0,0,1,0,1,0,0,0,0,2,1,1,0,1,3,0,3,1,0,2,1,0,2,1,0,0,0,0,1,0,0,1,0,0,0,0,0,0,0,0,0,0,0,0,1,0,0,0,0,0,0,0,0,0,0,0,0,0,2
Dimmit,57,10,78,8,9,64,58,52,21,18,9,6,94,44,32,60,27,17,54,20,95,73,60,8,11,51,52,21,34,56,18,15,42,36,25,9,29,3,2,6,15,11,5,6,13,5,11,15,4,9,8,4,3,0,12,10,8,4,2,6,2,7,3,2
Donley,1,1,0,2,1,1,0,2,1,2,1,3,2,4,5,1,1,4,5,2,3,9,2,1,15,1,0,1,1,2,0,1,3,1,0,1,1,0,0,0,5,1,0,0,0,0,0,0,1,1,0,0,0,6,1,0,0,0,0,0,0,0,0,0
Duval,7,12,18,14,6,8,15,10,11,9,12,12,16,19,16,60,16,40,15,32,33,37,64,22,13,4,21,20,17,28,13,11,4,12,16,9,15,11,11,7,10,4,11,2,8,11,4,7,6,4,0,3,6,4,6,6,0,0,4,5,3,2,1,2
Eastland,0,7,5,11,2,4,10,3,4,3,3,4,9,15,9,15,10,3,10,6,15,17,9,4,7,5,14,1,4,8,4,2,4,3,2,3,0,4,1,4,3,2,2,2,0,0,2,0,1,2,1,1,0,1,1,5,1,0,0,4,1,0,0,0
Ector,78,80,148,156,113,91,107,125,129,189,94,139,166,172,196,158,206,144,202,133,191,168,343,92,84,64,145,66,51,87,88,57,64,49,49,37,35,23,16,13,30,15,9,45,10,8,17,9,14,13,5,2,8,12,11,10,13,2,4,14,14,1,4,4
Edwards,1,1,1,0,1,2,0,0,0,0,1,0,3,2,2,0,1,1,2,0,0,5,4,1,0,3,5,4,2,1,2,1,2,3,2,0,0,0,0,0,1,0,0,0,0,1,0,0,0,0,0,0,0,0,0,0,0,0,0,1,0,0,0,0
El Paso,345,531,985,652,648,614,656,1210,531,1574,981,2023,1819,1277,2173,586,1644,1494,1875,1527,1492,3783,1336,1228,2334,664,1757,1403,1770,1446,797,2296,521,588,646,1008,625,437,274,207,318,375,383,184,177,246,135,180,59,347,38,108,129,46,55,130,120,58,43,81,20,75,80,41
Ellis,235,244,328,272,237,251,195,291,150,351,325,389,389,332,152,315,305,365,445,180,324,493,401,212,222,137,228,159,144,121,143,155,146,128,84,90,66,73,52,48,49,63,49,46,22,27,20,18,18,31,8,13,10,12,14,190,10,7,4,12,16,19,3,9
Erath,17,21,51,35,34,23,30,38,27,39,33,48,62,59,72,21,57,49,39,51,55,75,49,27,36,30,19,21,48,11,19,18,9,14,17,9,9,4,10,11,11,8,11,6,2,8,10,7,5,2,2,2,2,6,12,4,5,0,0,2,4,3,3,2
Falls,8,8,16,14,8,8,12,14,7,9,7,43,46,21,12,6,15,4,8,27,52,48,25,16,19,13,8,14,12,2,5,8,4,7,9,4,1,0,2,6,3,7,6,2,2,11,1,3,1,2,1,0,3,1,1,1,1,0,0,1,9,7,2,0
Fannin,14,16,8,10,5,15,10,10,9,14,30,20,27,17,22,27,48,20,25,15,35,16,23,10,20,8,24,9,17,11,23,24,13,26,9,9,4,4,3,3,13,6,6,3,4,4,1,0,2,1,0,82,2,0,4,4,0,0,0,0,1,1,0,1
Fayette,15,19,25,7,16,5,5,20,12,18,13,13,24,34,16,18,24,10,9,39,43,26,14,10,14,8,11,7,10,12,13,15,6,15,8,7,3,2,4,19,15,6,4,2,1,4,8,1,1,3,1,1,0,0,1,8,7,1,0,2,0,0,0,1
Fisher,2,0,0,0,1,1,1,0,2,0,4,0,8,3,1,0,1,2,1,3,3,1,2,0,7,3,2,11,2,0,0,6,2,1,0,1,1,0,6,2,4,1,2,0,1,3,0,1,0,1,0,0,0,0,0,1,0,0,0,1,0,0,0,0
Floyd,3,6,2,9,2,8,14,17,7,19,5,3,6,23,26,10,13,2,7,8,19,11,17,3,4,2,8,3,6,7,0,2,4,4,2,0,2,0,0,3,3,2,0,0,0,2,0,1,0,0,0,1,0,1,2,2,0,0,1,1,0,0,0,1
Foard,0,0,0,1,1,0,0,0,1,0,0,0,1,2,0,1,2,0,0,3,0,0,0,0,0,0,2,0,0,0,0,1,0,0,0,0,0,0,0,0,0,0,0,0,0,0,0,0,0,0,0,0,0,0,0,0,0,0,0,0,0,0,0,0
Fort Bend,2357,2445,2589,1616,1900,2246,1791,1693,1016,1372,2445,2678,1611,1774,2066,1145,2013,954,761,542,1419,921,1166,660,726,585,515,762,1006,522,805,692,489,647,559,351,464,371,324,413,420,397,329,237,190,247,190,286,1335,261,67,120,185,143,196,189,166,38,63,191,133,150,151,265
Franklin,7,2,7,9,1,7,2,9,5,11,11,23,10,10,13,2,8,17,11,25,28,4,4,12,7,6,9,10,10,5,4,4,15,8,1,5,3,1,5,4,5,2,3,1,2,0,0,2,1,1,1,2,3,4,1,3,0,2,0,0,0,0,0,2
Freestone,5,7,12,13,7,11,14,7,8,10,8,14,21,20,7,14,13,7,21,5,12,9,13,5,37,10,7,8,7,4,6,6,5,9,2,4,4,4,2,2,2,4,7,3,1,1,2,2,1,0,0,0,0,3,1,2,1,0,2,1,1,2,0,1
Frio,2,10,18,14,8,3,10,19,14,25,22,24,35,31,40,42,41,32,43,30,41,63,11,61,34,18,36,46,13,29,33,12,28,44,15,11,24,4,3,21,16,6,9,11,1,7,2,4,9,3,1,13,1,0,25,0,2,1,0,17,1,9,0,1
Gaines,3,2,2,2,3,4,2,2,2,2,3,8,11,5,4,3,6,8,2,2,9,5,4,4,4,1,3,7,2,4,1,4,2,0,1,0,2,2,0,0,6,2,1,0,1,1,0,1,2,5,0,1,1,2,0,7,0,0,0,0,0,0,0,5
Galveston,1192,1045,1298,1064,928,461,887,666,691,820,769,886,908,658,753,638,618,532,453,301,773,646,562,330,375,350,421,359,276,319,265,294,318,242,266,127,194,134,122,240,153,129,404,116,92,79,81,71,155,75,36,27,44,45,37,38,29,17,9,18,16,27,19,16
Garza,1,1,1,1,1,3,5,4,4,2,3,3,5,8,8,13,4,5,9,8,4,8,9,5,3,3,2,6,1,1,2,1,0,3,1,2,0,0,1,0,0,3,0,1,0,0,1,0,0,2,0,0,0,0,0,0,0,0,0,0,0,2,1,2
Gillespie,3,13,20,19,18,9,10,11,3,22,18,28,13,9,32,7,23,16,11,10,12,19,28,11,12,10,24,10,15,13,15,19,3,23,17,4,12,4,3,12,7,7,5,1,1,8,1,2,2,6,0,1,9,3,3,1,4,2,1,5,4,3,2,2
Glasscock,1,0,0,1,2,0,0,0,0,0,0,2,0,2,1,0,1,1,0,0,2,1,0,0,0,0,0,0,0,1,0,0,2,0,0,1,0,1,1,0,0,0,0,0,0,0,0,0,0,0,0,0,0,0,0,0,0,0,0,0,0,0,0,0
Goliad,2,11,4,6,2,3,5,9,6,4,4,13,11,12,14,2,13,12,7,12,13,15,17,12,7,4,8,3,6,8,3,9,5,7,12,3,4,7,2,2,5,2,1,1,1,1,0,2,0,1,2,2,1,1,3,1,2,0,0,2,4,2,1,2
Gonzales,6,10,12,4,10,6,9,24,7,11,9,15,17,21,25,15,17,6,11,12,17,17,14,10,7,7,13,8,8,12,7,8,2,7,5,2,4,1,3,3,1,0,1,0,0,1,1,1,2,1,1,1,0,0,1,0,0,0,0,1,0,1,0,1
Gray,14,13,7,11,4,9,9,15,9,2,9,11,24,13,28,8,7,24,35,15,30,13,12,5,18,6,15,15,11,5,10,5,9,14,27,7,3,2,7,5,12,3,5,1,2,10,9,4,3,3,1,0,3,0,4,4,1,1,1,4,1,1,1,1
Grayson,65,168,161,220,86,162,141,178,117,92,411,157,219,239,197,201,246,215,254,121,194,171,141,92,111,53,121,44,75,60,234,572,79,527,46,100,26,11,20,10,53,48,12,17,19,14,6,11,8,10,2,6,3,2,30,8,5,0,1,2,3,4,4,1
Gregg,42,77,109,57,50,74,84,65,33,117,53,105,132,113,124,55,111,65,96,134,145,161,99,92,70,40,88,65,87,58,58,46,57,94,57,19,51,30,23,21,17,21,23,11,17,10,6,13,4,15,8,4,12,1,6,4,4,1,6,3,2,3,3,4
Grimes,64,49,45,29,72,63,51,22,35,36,44,59,43,45,61,36,55,46,45,35,46,82,63,34,92,61,25,43,36,35,33,27,22,20,40,21,28,10,12,23,14,12,17,10,12,6,2,3,9,7,1,1,4,4,1,4,4,1,0,6,1,5,2,0
Guadalupe,134,128,163,184,147,145,158,194,132,173,141,273,288,176,191,110,355,217,195,189,333,275,266,286,162,162,145,159,214,115,164,135,118,85,78,100,83,68,47,28,52,55,26,43,20,14,26,27,19,20,5,9,16,9,8,6,13,0,39,16,9,10,16,5
Hale,26,34,44,25,26,34,61,84,48,44,18,41,96,115,37,43,43,24,50,32,88,64,52,13,28,51,46,27,20,16,12,20,17,14,18,15,8,4,4,11,15,11,4,5,3,3,5,2,1,8,0,0,0,1,2,1,0,2,0,1,0,1,0,17
Hall,4,1,2,0,0,5,2,2,0,3,3,5,3,2,10,4,4,7,2,4,2,2,1,0,2,0,0,6,0,1,3,2,0,3,0,13,0,0,2,2,23,0,0,1,0,2,1,2,5,34,0,0,0,22,15,1,0,0,0,0,0,0,0,0
Hamilton,11,14,28,0,13,13,11,1,16,19,6,34,26,16,13,12,17,6,35,1,19,14,17,3,18,1,1,2,6,1,1,3,3,2,1,0,0,1,0,0,0,1,1,2,0,0,0,1,0,0,0,0,0,0,0,1,0,0,0,0,0,0,0,1
Hansford,1,1,0,2,0,1,4,1,1,1,1,1,2,0,3,0,3,1,0,1,2,3,3,2,1,0,0,1,1,1,0,0,1,0,9,0,0,32,0,0,0,2,1,0,0,0,0,1,0,4,0,0,1,0,0,3,2,0,0,3,0,3,1,1
Hardeman,2,2,0,0,2,0,0,0,2,1,1,2,0,14,2,14,3,2,2,2,1,3,3,1,2,0,2,4,1,1,0,0,1,0,1,1,0,0,0,0,0,0,0,0,0,1,0,0,0,0,0,0,0,1,0,0,0,0,0,0,0,0,0,0
Hardin,58,41,85,36,87,23,29,24,56,49,49,55,67,42,75,34,45,40,17,41,63,38,65,50,23,24,44,20,17,44,43,26,34,16,35,13,28,11,10,15,10,15,6,10,10,7,7,6,5,1,2,3,2,0,2,0,2,1,1,1,2,1,0,2
Harris,10915,12503,11772,8560,9138,7217,9961,7727,7053,6600,9450,10929,8495,6655,8891,10636,7173,5962,6095,3620,6616,4914,6093,3285,3681,3545,2698,3225,4525,2774,3123,2611,2653,2480,2113,1149,2295,1821,1147,1602,1472,1306,1219,1120,915,842,544,783,3247,788,298,476,593,303,399,361,367,180,272,323,187,312,358,405
Harrison,18,13,33,31,22,42,17,20,11,40,24,36,62,44,47,31,27,40,29,52,72,40,48,41,31,17,60,36,13,35,35,24,32,22,25,12,14,7,5,6,18,11,19,4,6,0,10,19,2,14,1,2,19,9,3,21,7,0,3,3,0,0,1,4
Hartley,2,1,0,1,0,2,1,3,0,0,1,1,1,0,1,1,0,2,2,5,4,4,1,0,5,0,3,1,5,0,1,0,1,7,11,2,0,1,11,6,3,1,4,0,0,11,14,3,1,0,0,0,0,5,2,0,1,0,0,3,0,0,0,3
Haskell,0,0,0,1,0,1,0,0,0,0,0,1,2,1,0,0,1,1,0,6,9,9,3,0,2,1,0,2,2,1,1,1,0,0,0,0,0,0,1,0,0,1,0,0,0,1,0,0,1,0,0,0,0,0,0,1,0,0,0,0,0,1,0,0
Hays,827,570,626,497,651,288,833,587,377,731,379,453,567,353,424,342,510,544,733,344,898,468,800,261,300,400,482,383,382,321,258,219,332,201,166,40,103,85,108,68,108,87,148,60,44,110,57,120,65,32,28,21,23,9,21,23,29,4,72,20,19,25,7,7
Hemphill,10,1,0,6,1,1,0,3,0,1,1,0,9,9,16,0,0,0,0,1,1,1,0,0,0,0,11,0,0,0,0,1,2,7,11,0,0,0,6,9,10,8,11,0,0,13,1,7,4,0,0,0,0,3,15,1,7,0,0,6,3,0,4,4
Henderson,56,85,78,45,104,117,55,87,102,86,91,67,320,169,107,30,158,29,55,171,240,136,490,88,493,42,262,43,70,356,66,141,136,184,90,21,228,22,84,91,34,66,17,37,15,28,12,16,8,17,5,5,15,5,3,4,4,0,7,4,1,4,2,3
Hidalgo,468,884,1006,924,914,504,1459,1053,1247,982,782,1026,901,1742,1101,1823,1086,1124,1197,944,1546,1559,3481,1852,851,605,1202,905,1621,817,809,2415,795,634,428,306,650,1564,294,335,893,315,399,1098,802,197,179,587,169,530,121,577,217,160,347,196,145,33,84,115,88,144,61,229
Hill,20,9,30,15,9,23,7,6,44,49,7,33,43,59,49,33,37,28,20,46,116,50,45,22,11,19,22,7,26,21,18,9,15,21,22,6,4,5,6,6,9,6,4,2,3,35,1,4,2,4,0,2,4,1,2,4,5,0,1,7,5,2,5,3
Hockley,48,43,25,32,46,45,64,55,59,23,48,101,107,111,61,43,19,54,93,22,99,42,40,17,46,37,25,33,17,24,12,20,27,12,13,5,14,1,9,10,4,5,12,8,3,6,8,3,1,2,0,2,2,3,1,2,2,0,2,2,2,0,0,18
Hood,27,35,44,41,28,36,31,29,27,85,45,74,47,41,76,39,77,68,74,65,49,63,99,69,76,54,40,47,55,32,70,45,48,50,33,22,35,23,17,23,22,13,16,13,10,11,11,8,6,6,3,10,7,3,3,3,3,0,1,3,2,0,0,3
Hopkins,12,5,18,27,15,24,14,27,17,24,13,35,39,24,37,11,39,23,38,30,47,33,24,15,21,22,22,34,20,11,15,12,16,25,22,15,16,10,7,12,7,11,7,2,2,2,8,6,7,6,0,6,1,2,3,2,9,0,3,5,3,1,2,4
Houston,9,7,14,4,17,5,12,5,5,15,10,23,40,19,20,7,13,8,5,15,18,12,14,4,20,15,7,3,6,8,6,10,4,6,7,3,2,3,8,1,1,1,2,3,1,0,1,2,1,1,0,2,3,1,0,0,0,1,0,6,1,0,4,2
Howard,3,6,4,3,0,0,13,7,4,14,3,2,29,42,6,14,10,2,6,28,65,32,20,26,17,2,27,13,7,15,11,4,10,14,12,7,1,1,2,3,3,4,4,0,0,0,3,3,1,4,0,1,1,2,2,1,1,0,1,2,0,0,0,1
Hudspeth,2,2,3,2,0,2,4,3,7,7,0,6,2,1,4,3,1,2,3,4,1,7,5,1,5,1,3,4,5,0,9,4,3,3,5,3,0,2,2,1,2,2,1,0,0,2,0,2,2,0,2,0,0,1,1,0,2,0,0,0,0,0,0,0
Hunt,49,54,57,73,60,66,47,44,65,62,58,132,90,98,112,87,185,125,115,84,97,143,96,78,94,55,81,83,52,45,63,113,61,44,38,30,44,18,11,27,24,21,19,10,12,18,12,3,4,14,1,3,8,8,5,5,2,0,5,2,2,1,3,1
Hutchinson,0,29,18,23,8,1,32,28,23,4,29,21,15,10,31,46,83,15,7,56,18,69,33,8,28,3,11,52,38,20,6,40,11,23,23,18,4,8,4,5,27,11,9,7,4,2,2,10,1,9,0,0,4,0,5,4,0,0,0,3,1,5,3,2
Irion,0,1,2,8,6,4,5,1,1,7,8,2,3,0,4,0,7,6,3,1,2,12,2,5,3,2,3,3,1,4,5,2,4,1,4,0,5,1,1,1,0,2,1,0,0,0,0,1,0,0,0,1,2,0,0,0,0,0,0,0,0,0,0,0
Jack,1,15,2,3,2,4,22,2,3,9,5,7,18,12,10,26,45,12,6,19,15,6,15,13,3,6,7,17,4,2,4,6,5,16,1,1,1,2,0,3,1,4,5,0,1,2,1,4,2,2,0,0,1,1,1,1,1,0,1,3,0,3,1,1
Jackson,4,6,7,1,6,5,6,4,3,9,5,6,15,10,13,1,8,3,5,5,12,9,7,5,3,3,2,7,3,8,4,5,1,2,6,8,0,3,1,1,0,2,4,6,0,3,3,2,1,3,3,0,1,0,1,1,0,3,1,1,1,0,0,0
Jasper,15,25,39,16,61,29,20,8,45,39,37,31,46,45,43,46,44,19,29,29,41,40,23,38,25,8,23,22,20,36,22,15,36,23,23,7,22,4,10,10,14,10,10,7,9,5,6,5,4,6,2,4,4,5,0,2,5,3,0,3,1,0,1,0
Jeff Davis,0,0,0,2,0,0,1,0,0,1,0,1,0,0,0,1,2,0,0,0,0,0,1,0,0,0,2,0,0,0,0,0,0,0,0,0,0,0,0,0,0,0,0,0,0,0,0,0,1,1,0,0,0,0,0,0,0,0,0,0,0,0,0,0
Jefferson,159,225,301,190,221,161,195,147,98,145,335,287,253,312,226,121,136,86,180,197,278,281,225,186,237,163,213,228,166,119,267,179,119,147,158,115,84,38,158,164,146,90,98,23,32,74,92,88,173,83,11,10,115,80,100,100,106,7,10,104,159,142,167,94
Jim Hogg,1,2,0,3,0,1,0,1,1,1,0,0,1,2,2,0,0,0,0,2,2,1,1,4,1,0,1,5,0,1,1,3,0,2,1,0,2,0,0,1,1,1,0,0,1,4,1,1,1,2,1,0,0,0,4,2,0,0,0,0,11,7,0,0
Jim Wells,21,33,50,36,16,22,42,45,43,61,26,24,93,60,58,161,24,79,43,126,169,112,94,59,18,13,68,55,63,81,32,32,22,51,54,39,21,29,24,11,47,23,14,17,11,5,6,16,11,10,6,5,3,5,14,10,4,3,5,10,3,6,8,3
Johnson,178,190,213,216,144,178,111,211,124,214,276,414,310,267,336,173,313,273,304,169,275,280,243,200,213,82,206,115,161,122,124,99,123,198,100,47,68,47,44,45,40,41,38,30,18,30,16,18,8,24,5,11,14,5,4,67,9,6,7,9,6,22,7,15
Jones,4,7,9,1,3,3,1,1,4,6,2,4,15,3,3,2,9,15,8,13,38,26,7,0,2,2,12,2,3,34,14,5,1,0,1,0,2,14,0,1,9,6,0,5,3,3,2,0,1,0,0,0,1,0,0,1,0,0,6,8,0,10,0,6
Karnes,3,4,2,13,4,5,32,64,4,4,2,8,16,9,20,19,15,21,31,15,28,27,17,24,15,25,51,20,40,13,15,10,30,34,21,20,3,8,19,10,18,20,4,6,1,10,3,4,3,3,1,4,0,0,6,8,11,0,2,19,10,32,19,13
Kaufman,143,167,222,205,180,202,113,285,190,180,196,287,268,206,288,212,293,312,258,214,332,332,291,145,148,112,169,110,163,121,90,118,114,109,107,65,72,53,35,38,30,34,48,26,19,30,13,18,17,25,4,14,14,9,9,17,9,0,3,13,8,5,9,5
Kendall,17,37,42,28,18,18,26,29,28,60,35,47,50,34,51,27,55,40,38,34,57,55,50,44,39,19,47,31,37,29,27,48,21,23,20,21,24,13,16,9,17,8,9,12,5,7,6,12,7,3,1,3,3,2,5,2,5,1,4,0,4,6,2,6
Kenedy,0,0,1,0,0,0,1,1,0,0,0,0,0,0,1,0,0,0,0,0,1,0,0,0,0,0,0,0,0,1,0,0,0,2,0,0,0,0,1,0,0,0,0,1,0,0,0,0,0,0,0,0,0,0,0,1,0,0,0,0,1,0,0,0
Kent,0,1,0,0,1,0,0,0,0,0,0,0,0,0,0,0,0,0,0,0,1,0,0,0,0,1,1,0,0,0,0,0,0,1,0,0,0,0,0,0,0,0,0,0,0,0,0,0,1,0,0,0,0,0,0,0,0,0,0,0,0,0,0,0
Kerr,12,20,11,18,9,19,9,17,4,11,10,21,24,31,45,14,20,15,16,14,30,14,20,23,20,8,25,16,14,6,24,44,9,13,10,12,4,15,7,9,3,2,7,5,5,3,3,1,5,2,3,2,5,2,1,2,4,1,3,0,3,2,3,1
Kimble,0,0,0,0,0,0,1,0,0,0,3,2,5,5,0,1,11,0,5,0,5,5,8,3,2,2,3,10,3,0,0,0,0,0,2,0,0,0,2,1,1,0,0,0,0,0,0,2,1,0,0,0,0,2,1,0,0,0,0,0,0,0,0,0
King,0,0,0,0,0,0,0,1,0,1,0,0,0,0,0,0,0,0,0,0,0,0,0,0,0,0,0,0,0,0,0,1,0,0,0,0,0,0,0,0,0,0,0,0,0,0,0,0,0,1,0,0,0,0,0,0,0,0,0,0,0,0,0,0
Kinney,0,0,0,2,3,2,4,0,1,1,6,2,3,5,8,7,0,1,11,4,11,5,3,6,3,2,6,5,2,4,0,0,1,3,1,0,0,2,0,0,1,0,0,1,0,0,0,2,1,0,0,1,1,0,0,0,0,0,0,2,3,2,1,0
Kleberg,8,10,28,20,10,18,57,43,62,53,24,31,52,117,46,35,27,44,57,56,70,47,37,18,17,35,44,51,38,49,31,13,35,28,44,18,39,27,30,7,31,20,21,7,11,9,11,6,10,12,4,0,2,5,5,12,8,2,7,4,6,5,2,7
Knox,0,2,0,0,0,1,0,1,0,1,1,0,0,0,2,0,2,2,1,1,6,12,0,1,1,0,1,3,4,0,0,0,0,0,0,0,3,0,0,0,0,0,0,1,0,0,0,0,1,0,0,0,0,0,0,0,0,0,0,0,0,0,2,0
La Salle,1,0,8,15,21,12,4,7,8,10,4,11,4,7,33,4,6,4,4,6,42,7,8,7,7,7,3,18,5,0,7,3,0,3,6,7,2,5,1,1,0,19,0,4,0,2,0,0,0,1,1,14,0,0,12,0,1,0,2,0,0,6,2,0
Lamar,23,22,19,31,14,12,15,21,8,28,22,35,29,38,33,57,33,25,21,26,35,26,46,13,18,15,24,10,12,17,14,41,21,12,4,9,7,4,4,6,13,6,6,2,2,44,2,1,3,3,1,39,3,2,18,4,8,2,2,1,0,3,14,0
Lamb,9,5,7,8,3,17,9,16,9,5,9,8,13,21,7,4,6,7,14,12,18,10,19,6,31,1,6,6,4,7,1,2,2,2,4,1,2,5,0,1,3,0,1,0,1,3,5,1,1,2,0,0,0,2,0,2,0,0,0,0,2,0,2,6
Lampasas,9,1,67,5,5,39,6,78,6,23,32,8,72,19,10,11,20,20,178,1,21,22,32,14,30,160,8,9,18,143,7,8,61,9,15,11,1,6,19,3,1,17,2,17,0,3,0,2,23,0,0,1,1,0,1,8,0,0,1,1,0,1,10,2
Lavaca,6,3,11,10,8,3,5,9,6,10,9,22,16,13,12,6,17,9,13,9,23,25,18,1,7,4,11,3,13,6,5,2,5,6,3,3,3,0,4,5,2,1,1,2,0,0,2,5,1,2,0,1,1,1,1,1,1,1,0,2,3,3,0,0
Lee,14,7,12,14,15,9,12,12,9,6,12,6,17,16,10,5,18,7,17,13,16,12,10,5,7,5,4,2,10,6,4,8,4,5,8,1,3,4,6,5,5,10,4,3,1,2,2,3,1,2,0,2,0,1,1,2,2,0,1,5,0,0,3,1
Leon,7,11,10,11,12,13,8,10,12,9,10,11,17,13,14,3,11,12,16,24,21,20,21,10,15,11,7,10,15,13,4,9,7,9,1,6,10,1,4,9,8,1,3,5,1,6,2,1,2,6,0,1,0,0,4,1,2,0,0,6,0,0,3,1
Liberty,67,84,117,69,65,63,88,88,83,50,82,121,90,88,76,94,75,64,86,48,99,89,65,15,60,45,52,46,104,40,47,42,50,42,37,12,35,24,21,26,31,15,14,10,12,28,15,11,5,21,7,3,1,15,13,15,19,0,1,10,15,11,10,13
Limestone,19,7,6,20,10,24,27,3,4,15,5,47,48,16,42,10,24,11,27,16,24,7,27,17,12,5,16,4,9,6,26,14,7,26,7,7,9,17,7,3,5,3,8,5,1,24,6,4,1,2,0,1,1,0,5,0,0,0,0,2,2,1,0,0
Lipscomb,1,0,1,1,0,1,2,1,0,0,0,2,6,1,0,0,0,0,0,1,0,2,2,0,1,1,0,0,0,0,0,0,0,2,2,0,0,0,2,1,0,6,1,0,0,1,0,0,0,1,0,0,0,0,1,6,6,0,0,1,1,1,3,3
Live Oak,0,2,3,1,4,1,2,11,6,2,7,9,6,5,8,7,2,16,6,9,20,9,12,11,11,14,12,9,9,8,10,4,7,1,5,7,2,3,1,1,2,3,1,2,1,0,2,2,1,1,0,1,1,1,1,2,1,0,0,1,3,0,0,0
Llano,7,5,12,11,9,6,8,5,7,4,15,15,20,9,13,6,9,10,19,13,19,7,18,10,12,8,7,20,7,14,8,10,11,7,5,8,9,1,5,6,6,5,4,9,3,1,4,2,4,6,3,1,2,2,2,1,1,1,0,0,2,1,6,1
Loving,0,0,2,0,0,0,0,4,0,0,1,0,2,1,0,4,0,1,0,0,0,1,2,0,1,0,0,0,0,2,1,1,0,3,0,1,0,0,1,0,1,0,0,0,0,0,0,1,0,0,0,0,2,0,1,0,0,0,0,0,0,0,0,0
Lubbock,291,488,666,338,282,334,492,637,576,390,790,764,728,641,720,667,739,464,347,564,582,740,853,195,373,226,252,377,235,244,139,264,166,128,181,87,69,56,62,60,61,120,48,29,14,38,28,19,23,46,18,13,16,13,17,16,9,3,5,9,21,10,15,102
Lynn,2,2,11,2,1,1,4,3,3,3,17,28,29,11,15,8,8,2,9,12,11,22,16,1,50,6,1,6,2,2,1,3,1,0,4,0,0,0,0,5,3,0,10,0,0,21,1,0,1,2,0,0,0,0,0,4,0,0,0,0,0,1,16,3
Madison,14,8,14,8,14,24,16,20,8,5,8,10,14,16,11,5,11,5,6,4,13,13,16,7,6,4,7,8,6,1,6,4,9,3,6,2,11,2,2,6,2,5,3,6,0,5,1,1,2,2,1,0,1,0,3,1,2,0,0,1,1,0,1,1
Marion,2,2,4,3,1,1,0,3,4,2,6,1,5,7,6,6,4,4,4,5,16,5,4,11,4,0,9,3,4,6,3,3,3,6,4,2,3,0,3,1,5,0,1,0,1,0,1,4,0,1,0,0,6,1,0,1,1,0,0,0,0,0,0,0
Martin,1,7,10,8,10,6,3,1,3,5,4,14,5,9,10,3,10,9,3,6,3,5,4,4,6,1,5,4,3,2,4,2,4,5,3,0,5,2,4,1,2,1,2,0,2,3,1,1,1,2,0,1,1,0,1,3,1,0,3,2,0,0,0,0
Mason,2,0,2,0,0,0,1,4,0,0,0,1,2,2,2,0,1,1,1,0,2,0,0,0,3,0,2,3,4,1,0,0,1,0,0,0,0,1,0,0,0,0,1,0,0,0,0,1,0,0,0,0,0,0,1,0,0,0,1,0,2,0,0,0
Matagorda,66,59,98,42,33,26,62,31,23,36,45,57,56,49,44,22,52,42,25,19,39,31,31,45,41,12,24,32,12,25,16,19,26,30,18,24,10,8,12,13,22,7,10,4,7,11,8,5,8,3,1,3,5,8,3,8,2,0,0,7,5,12,6,2
Maverick,179,51,207,223,453,31,201,151,96,179,258,312,133,132,180,233,131,290,406,171,458,343,378,267,143,243,222,174,153,149,126,48,96,83,45,13,45,20,50,33,27,62,18,15,16,39,47,25,19,35,11,8,6,13,33,24,19,4,3,23,29,4,10,10
McCulloch,1,2,1,0,1,2,3,1,2,0,1,2,3,3,0,2,4,1,2,1,4,4,1,1,2,1,0,3,1,0,2,1,1,1,1,0,0,0,1,0,0,0,1,0,0,0,1,0,0,1,0,0,0,0,0,0,0,0,0,0,0,0,0,0
McLennan,151,167,368,193,175,159,354,313,255,308,330,487,368,481,375,318,241,231,252,238,453,379,247,170,142,78,200,131,143,162,166,84,77,207,128,74,53,28,54,57,42,62,44,37,29,515,60,79,140,114,7,8,93,94,40,66,66,6,4,44,94,51,59,43
McMullen,0,0,2,1,2,0,0,1,0,0,1,0,1,1,1,0,0,2,2,0,2,0,1,0,1,0,0,2,1,1,2,2,0,1,5,0,1,0,0,0,0,0,0,0,0,0,0,0,2,0,0,0,0,0,1,0,0,0,0,0,0,1,0,0
Medina,16,31,34,48,22,22,56,40,37,44,42,64,64,82,91,37,90,64,90,91,109,90,54,66,86,33,51,48,54,28,29,39,35,22,19,26,22,23,16,11,13,16,14,4,7,16,9,11,11,4,2,0,0,3,9,5,6,0,4,8,5,7,10,9
Menard,1,0,0,2,1,0,0,0,0,1,1,1,2,2,0,0,0,0,2,1,0,0,0,1,1,0,0,3,1,0,0,1,1,1,0,0,0,0,0,0,0,0,4,3,0,13,1,0,0,0,0,0,0,0,0,0,0,0,0,0,0,0,0,0
Midland,76,69,117,97,73,109,88,89,59,128,93,87,111,155,99,51,148,73,116,51,140,108,138,72,100,59,82,83,66,47,57,40,43,39,52,29,31,24,24,38,41,40,28,11,10,27,23,40,23,31,2,6,6,22,30,37,28,0,2,25,15,10,11,17
Milam,23,12,28,25,13,10,12,15,12,11,15,26,20,26,21,23,17,7,9,32,22,18,27,33,24,14,9,17,19,18,14,6,8,12,9,11,9,3,9,5,3,6,5,3,3,3,1,4,1,2,3,0,4,3,2,4,1,0,1,1,1,2,1,2
Mills,2,4,5,0,5,7,4,1,5,11,1,10,11,13,8,6,29,2,19,2,22,26,18,0,6,1,1,20,2,1,1,1,1,1,9,1,0,2,0,0,0,0,1,0,0,0,1,0,9,1,0,1,1,1,4,0,0,0,0,0,0,0,0,0
Mitchell,6,3,3,2,1,1,0,3,1,4,6,2,22,7,9,9,4,11,5,0,5,6,5,0,13,4,15,18,3,1,2,10,4,4,0,0,1,0,10,9,2,1,1,0,0,2,1,3,10,5,1,0,0,2,0,0,0,0,0,0,0,1,0,0
Montague,9,24,19,11,13,12,32,33,14,28,10,30,28,48,57,39,107,38,28,63,42,54,49,28,20,18,15,46,29,12,21,16,14,20,7,18,20,5,1,6,8,5,4,2,1,1,1,3,1,5,2,0,3,1,6,1,1,0,0,0,0,2,0,0
Montgomery,1468,1427,1432,853,1014,986,1275,980,1058,973,1108,1535,1038,732,952,813,986,625,939,538,1051,696,888,535,619,492,443,514,526,452,405,418,402,455,357,164,354,210,196,231,147,179,123,137,121,94,90,106,245,69,55,59,60,47,59,61,42,16,27,44,31,25,42,22
Moore,2,0,2,6,9,18,11,5,8,6,6,11,8,45,16,5,15,22,15,10,84,14,19,2,23,20,8,17,8,1,4,4,5,6,4,0,1,5,3,1,16,8,6,0,0,1,11,38,6,2,0,0,0,2,30,1,10,0,0,3,1,0,1,2
Morris,7,2,7,6,10,5,7,8,5,9,14,8,25,5,6,10,8,11,12,20,17,6,8,6,13,4,13,4,8,14,7,5,10,17,7,3,3,2,3,2,2,1,1,2,1,3,0,4,1,1,2,0,1,5,2,3,1,0,0,1,0,0,1,0
Motley,0,2,0,0,0,1,0,0,1,2,0,5,0,1,0,0,1,0,0,1,0,0,0,1,0,1,1,0,2,0,0,0,0,0,1,0,0,0,0,0,0,0,0,0,0,0,0,0,1,0,0,0,1,1,0,0,0,0,0,0,0,0,0,0
Nacogdoches,41,41,38,32,50,65,52,30,70,84,51,76,62,102,91,81,73,45,76,75,133,67,78,79,17,39,67,19,50,53,29,19,50,49,23,26,21,10,7,18,22,13,19,8,5,16,15,20,18,7,0,0,4,2,10,4,13,2,0,2,2,9,13,4
Navarro,6,13,21,15,9,35,22,29,18,20,19,22,80,53,45,102,17,44,34,31,33,46,28,25,23,28,14,16,27,27,15,11,13,74,2,4,14,9,11,6,10,9,5,5,1,5,2,14,2,5,0,1,2,0,0,4,5,0,3,1,1,3,1,2
Newton,4,2,16,1,5,8,2,1,6,11,8,8,10,10,22,17,25,9,2,15,9,18,5,5,4,3,6,7,4,23,13,7,10,10,7,2,6,6,5,2,7,2,2,3,0,0,2,1,6,0,0,0,0,0,0,0,0,0,0,1,1,1,0,0
Nolan,4,5,1,1,0,5,2,0,3,5,10,36,20,7,11,4,3,2,40,23,17,42,22,1,13,27,20,1,18,0,2,3,13,19,0,12,0,1,6,9,12,6,8,0,0,11,11,15,1,1,0,0,0,2,1,3,0,0,0,0,1,0,1,1
Nueces,320,451,348,199,291,706,449,617,545,612,457,612,974,785,468,920,475,416,436,633,1251,634,588,404,278,585,422,436,319,411,285,282,223,232,268,145,190,133,116,95,148,107,100,60,74,57,51,54,35,80,24,27,60,22,39,24,26,10,144,27,21,18,14,19
Ochiltree,4,0,1,4,0,5,4,1,0,0,10,0,5,4,0,0,0,0,1,8,5,3,1,0,3,0,3,9,0,0,0,0,3,0,0,1,0,7,2,0,14,40,2,0,0,0,1,0,2,0,0,0,0,0,0,39,49,0,0,12,0,3,0,10
Oldham,1,1,1,1,1,1,0,2,1,1,0,0,0,0,1,3,1,1,1,1,5,0,1,0,0,1,0,0,0,0,1,2,1,0,0,0,0,1,1,0,1,0,0,0,0,0,0,1,1,1,0,0,1,3,0,2,0,0,0,0,0,0,0,0
Orange,42,28,74,37,25,38,34,12,36,42,38,53,63,30,59,48,36,50,43,36,61,71,48,51,63,43,44,43,54,55,51,31,44,41,28,13,26,26,20,17,18,17,27,8,7,6,7,6,15,5,3,3,3,4,0,1,6,0,2,2,1,2,0,1
Palo Pinto,14,38,47,47,30,7,47,50,36,31,27,64,40,52,48,55,71,63,83,48,74,58,60,98,20,64,39,22,34,24,40,42,30,19,16,19,20,14,12,12,8,2,11,3,7,7,1,4,13,2,1,2,1,0,0,1,1,0,0,0,1,0,0,1
Panola,2,7,6,8,4,9,9,6,2,8,19,9,20,20,25,6,20,19,8,16,28,19,17,12,18,9,19,7,11,9,7,10,8,10,4,1,14,8,2,1,11,4,13,2,1,4,9,13,1,4,0,1,5,5,2,10,7,0,0,0,1,2,0,2
Parker,147,129,137,179,152,113,128,187,90,170,137,293,228,235,178,145,226,298,285,220,323,223,245,154,166,116,149,101,174,80,116,111,97,96,95,48,50,51,32,41,45,51,42,29,23,36,17,18,8,21,7,14,8,14,17,12,6,0,6,5,3,10,6,9
Parmer,2,1,4,4,2,1,2,8,6,3,2,7,8,9,5,2,8,2,6,8,12,2,7,1,16,1,5,2,8,1,0,1,1,1,4,0,1,0,6,3,16,3,5,0,0,2,2,2,3,2,0,0,0,1,1,0,1,0,0,1,1,0,1,3
Pecos,3,1,4,1,3,2,3,4,3,0,6,5,5,2,9,1,5,4,3,5,8,40,5,8,7,11,7,4,92,25,1,3,5,6,0,7,4,1,1,2,2,2,0,0,1,2,7,5,1,3,0,1,3,2,1,3,1,0,0,1,1,0,1,0
Polk,20,33,28,8,16,4,12,64,57,24,35,30,59,43,43,53,67,37,37,37,74,42,66,7,37,13,41,12,43,49,28,11,51,21,36,14,21,15,9,10,6,15,15,8,3,3,6,10,7,7,4,3,4,2,5,4,5,3,2,1,1,1,0,0
Potter,23,87,44,103,45,49,61,55,49,75,62,131,132,96,137,76,111,132,60,83,128,176,154,63,146,78,75,83,90,60,59,63,109,51,58,13,36,24,26,22,508,26,21,13,10,20,11,12,4,19,1,4,8,6,7,3,5,0,3,7,5,4,1,2
Presidio,1,3,1,4,0,1,0,1,2,0,2,0,3,0,1,2,4,0,9,1,0,4,1,1,4,3,4,7,1,1,1,2,1,0,3,0,1,0,0,1,0,2,1,0,1,2,0,1,1,1,0,0,3,1,0,0,1,0,0,0,0,0,0,0
Rains,2,3,7,6,2,4,3,8,4,6,4,7,9,6,8,5,11,5,11,9,12,15,6,6,1,4,2,7,4,1,7,9,8,3,4,6,9,1,1,2,2,8,1,1,1,2,2,4,2,2,0,1,3,1,2,1,1,0,0,0,0,0,0,1
Randall,16,35,24,47,17,54,42,53,48,69,27,74,141,76,95,75,55,117,41,90,148,131,115,52,99,66,56,74,69,25,50,33,87,41,33,19,27,26,27,20,307,12,12,5,6,20,6,8,5,7,0,8,5,3,4,5,10,2,1,6,1,5,5,1
Reagan,0,0,1,0,0,0,3,2,0,0,1,0,2,1,2,1,0,1,3,1,11,2,1,1,3,2,5,3,2,0,2,2,0,3,0,0,0,1,0,0,1,1,1,0,0,0,2,0,0,1,0,0,0,0,0,0,0,0,0,0,0,0,0,0
Real,0,0,1,1,1,1,3,0,1,1,0,3,3,1,8,7,0,8,9,0,11,1,4,1,4,2,2,4,4,1,4,1,3,2,1,1,0,0,1,0,1,3,0,0,0,0,2,2,1,1,0,0,0,1,0,2,0,0,1,1,0,0,0,0
Red River,2,3,8,6,4,2,2,2,2,4,3,8,6,9,6,6,15,5,4,5,5,9,6,1,6,1,3,3,7,5,0,8,6,6,3,3,0,2,2,3,3,2,1,1,4,0,1,2,1,0,1,1,2,0,0,0,0,0,0,1,0,0,0,0
Reeves,2,6,5,14,12,18,11,16,1,18,18,15,6,17,97,2,46,2,1,55,29,28,23,11,2,11,13,12,34,4,10,3,5,18,10,8,10,0,2,3,1,1,2,0,0,2,2,2,2,1,0,1,2,2,0,0,0,0,0,1,1,0,0,0
Refugio,0,1,14,5,3,24,2,31,5,2,1,3,5,2,4,2,1,5,3,0,6,7,1,1,4,3,3,4,5,0,0,1,1,1,2,2,2,2,0,1,0,1,0,0,0,0,0,0,2,1,0,0,0,0,2,0,0,0,0,0,1,0,0,0
Roberts,4,0,0,0,2,1,0,0,0,0,0,0,7,0,0,2,0,3,1,0,0,0,0,0,1,1,0,1,0,0,0,1,0,0,1,0,1,0,0,0,2,0,0,0,0,0,0,0,0,1,0,0,0,4,0,0,0,0,0,0,0,0,0,0
Robertson,28,16,21,29,29,37,31,18,14,15,16,13,37,23,40,20,20,9,30,18,18,29,34,16,16,16,12,22,15,11,15,10,11,5,7,6,6,2,3,3,4,6,8,2,1,4,2,1,1,2,0,0,2,4,2,1,1,0,0,0,0,0,2,0
Rockwall,79,106,107,115,142,102,133,102,198,127,174,171,160,233,118,137,174,205,99,178,213,199,186,77,83,90,126,117,82,69,48,64,64,48,38,50,30,24,20,23,18,30,26,14,8,14,11,8,5,3,5,10,12,7,4,9,3,0,1,5,4,3,2,4
Runnels,1,1,2,2,1,1,0,0,3,5,3,4,9,10,3,3,1,0,4,4,7,7,2,3,1,2,1,0,1,5,2,1,7,4,1,1,0,0,0,1,0,0,0,0,0,0,0,2,0,1,0,0,0,0,0,0,0,0,0,0,0,0,0,0
Rusk,6,6,28,21,10,30,31,24,28,40,31,34,39,56,43,19,47,15,18,61,43,53,29,15,23,14,36,19,24,28,10,15,18,17,15,7,13,13,6,7,6,5,7,1,1,9,5,3,3,5,2,1,5,1,2,2,5,1,2,4,2,2,2,4
Sabine,3,7,0,3,4,1,1,3,2,4,4,10,2,7,6,2,3,2,0,6,9,14,4,6,3,2,3,3,4,7,2,3,2,2,6,2,6,0,1,0,1,2,1,0,1,2,1,0,0,0,0,0,1,1,0,1,0,0,0,2,0,0,0,0
San Augustine,3,2,2,1,2,0,0,3,3,11,1,5,3,4,3,2,5,3,5,4,3,0,2,9,6,2,6,3,1,4,2,1,1,0,1,1,1,1,1,1,0,1,1,2,0,0,1,0,0,3,1,0,0,0,0,0,0,0,0,0,0,1,0,0
San Jacinto,31,31,32,29,34,25,35,24,32,19,37,46,77,70,55,30,33,38,30,49,63,34,35,23,26,7,51,22,21,73,12,10,48,28,16,7,34,9,11,9,4,17,9,7,3,5,9,7,4,5,2,2,6,3,3,3,5,2,1,1,7,2,6,7
San Patricio,35,48,70,24,35,58,50,67,60,68,45,89,149,93,100,119,49,62,73,107,188,122,71,80,72,54,85,46,81,83,67,59,29,59,61,27,45,20,25,18,25,21,17,19,21,15,4,11,4,10,7,8,1,2,7,9,5,6,10,2,1,3,3,2
San Saba,3,0,0,4,1,2,0,1,3,1,5,3,2,4,1,0,1,2,5,1,3,6,2,3,2,8,8,3,3,7,2,2,5,1,2,2,0,2,1,1,0,0,0,1,0,0,2,0,0,0,0,0,0,1,0,0,0,0,0,0,0,0,2,0
Schleicher,2,0,0,1,1,6,0,2,2,0,8,2,3,3,2,0,2,3,2,3,7,3,0,0,6,3,3,7,3,1,1,2,2,2,4,2,0,1,0,1,2,1,2,0,0,0,3,0,0,2,0,0,0,0,0,1,0,0,0,0,0,0,0,0
Scurry,38,19,39,17,38,26,38,46,41,30,4,4,211,62,79,42,5,67,72,1,93,38,30,10,24,23,24,20,19,13,7,17,19,6,9,5,5,7,4,7,5,4,4,2,2,3,4,4,2,2,1,3,9,3,1,0,0,0,0,3,1,0,0,2
Shackelford,0,1,0,0,0,0,0,1,0,0,0,0,3,1,1,1,0,0,0,2,3,1,0,1,0,0,1,0,0,0,0,1,0,0,1,0,0,0,0,0,0,0,0,0,0,0,0,1,2,0,0,0,0,0,0,0,0,0,0,0,1,0,0,0
Shelby,19,13,26,14,10,17,19,23,18,15,21,16,22,39,16,17,9,29,11,22,39,25,18,19,9,7,14,2,20,18,10,4,7,7,2,5,7,7,6,3,5,0,3,4,2,2,1,7,1,4,0,2,2,2,0,4,2,1,1,1,0,1,0,0
Sherman,0,0,0,0,0,1,0,0,1,0,1,1,2,3,2,1,0,1,0,0,2,0,0,0,2,0,1,0,1,0,0,0,0,0,5,0,0,0,2,4,1,0,0,0,0,0,5,2,0,0,1,0,1,0,0,0,0,0,0,0,0,0,0,0
Smith,112,115,186,158,49,170,84,104,119,160,127,158,262,207,260,76,148,130,149,218,273,226,177,140,302,76,207,118,103,144,107,93,94,1013,117,55,112,55,58,58,64,60,53,51,21,44,13,140,23,46,5,21,30,5,9,3,10,3,9,8,7,3,9,3
Somervell,1,2,1,4,2,2,1,2,6,13,4,23,19,17,20,15,8,6,21,23,20,22,8,1,6,13,16,8,13,4,4,4,8,5,8,1,6,10,1,6,2,3,1,6,1,3,0,3,0,0,1,5,0,0,2,0,0,0,3,0,0,0,0,0
Starr,58,59,91,83,79,36,139,111,138,60,87,79,115,198,81,149,45,132,46,86,147,112,112,37,44,79,147,61,154,45,54,358,100,43,32,50,15,119,59,53,139,51,37,190,104,14,19,85,18,34,14,54,92,13,36,19,31,4,1,16,13,11,10,19
Stephens,3,1,7,2,6,4,6,7,0,6,6,8,13,7,8,15,1,6,9,9,5,4,5,9,6,3,1,3,2,3,2,5,4,1,2,1,1,2,2,8,3,0,0,2,1,1,3,0,2,7,0,0,0,0,0,0,0,0,0,0,0,0,0,1
Sterling,0,0,0,1,0,0,0,1,3,0,0,1,1,0,0,0,0,0,0,0,1,0,0,0,0,0,0,0,2,0,0,0,0,0,0,0,0,0,0,0,0,0,0,0,0,0,0,0,0,0,0,0,0,0,0,0,0,0,0,0,0,0,0,0
Stonewall,0,0,0,0,0,0,0,0,0,0,0,0,0,1,0,0,0,0,0,0,1,0,0,0,0,0,0,0,0,0,0,0,0,0,0,0,0,0,0,0,0,0,0,0,1,0,0,0,0,0,0,0,0,0,0,0,0,0,0,0,0,1,0,0
Sutton,0,0,0,1,0,2,0,0,0,0,3,2,1,1,3,0,0,2,0,1,3,1,1,0,2,1,1,7,1,0,0,3,2,8,6,13,2,0,4,0,4,2,3,0,0,2,5,8,0,1,0,0,0,1,0,0,0,0,0,0,0,0,0,0
Swisher,1,1,1,2,1,0,4,7,4,5,2,8,8,7,3,4,3,4,2,6,5,4,8,2,0,0,5,2,5,0,0,3,3,1,0,0,1,1,1,2,2,2,1,1,0,2,2,0,2,4,0,1,0,4,0,2,0,1,0,2,1,0,4,3
Tarrant,3065,3835,3695,4149,2750,3128,2880,3708,2316,3265,3860,5771,5370,5593,3527,3988,4106,5989,5265,2111,5034,3945,4306,2489,2595,1990,2124,1914,2175,1125,2040,1531,1718,1727,1036,759,714,691,451,556,505,530,434,380,291,737,204,202,164,253,70,159,271,123,348,469,91,64,76,66,72,50,49,77
Taylor,33,42,55,41,28,47,34,57,56,84,70,85,146,107,112,37,81,79,82,87,95,460,62,52,41,34,55,59,51,39,56,42,36,36,42,7,27,11,40,20,21,16,11,2,4,7,2,31,15,3,2,1,3,4,8,1,2,1,2,1,1,5,1,0
Terrell,0,1,0,1,0,0,0,0,0,1,1,0,0,0,0,0,0,0,0,0,0,0,0,0,0,0,0,0,0,0,0,0,0,2,0,0,0,0,0,0,1,0,0,0,0,0,0,0,0,1,0,0,0,0,0,0,1,0,0,0,0,0,0,0
Terry,2,3,5,4,1,4,5,4,6,2,3,12,3,0,7,4,1,4,3,2,2,5,5,1,2,0,1,3,1,2,1,2,2,0,2,0,1,0,0,1,0,1,1,2,2,0,0,0,0,0,0,0,0,0,0,0,0,0,0,0,0,1,0,1
Throckmorton,0,0,0,1,0,0,0,0,0,1,0,1,1,2,0,1,1,1,0,2,0,0,0,0,0,0,1,1,1,0,0,0,0,0,1,0,0,0,1,0,2,0,1,0,0,1,0,0,1,0,0,1,0,0,0,0,0,0,0,0,0,0,0,0
Titus,15,18,12,13,20,14,8,21,13,34,36,23,52,36,42,29,27,81,32,57,68,27,28,23,21,26,27,19,32,26,19,12,18,17,17,9,0,4,1,15,9,5,0,5,3,11,7,1,5,18,7,2,38,23,17,10,4,0,1,1,2,1,3,3
Tom Green,32,34,37,52,39,60,60,91,60,74,64,114,175,84,54,80,23,21,138,54,101,49,71,28,37,81,47,38,45,42,27,38,27,24,9,15,8,9,10,21,13,5,5,3,4,8,7,16,12,17,3,1,7,14,10,8,1,2,1,9,3,3,13,2
Travis,3015,2447,2764,2024,2103,1617,2076,1947,1574,1949,1828,1928,2935,1944,1703,1069,2848,2017,1969,1978,2868,1982,2118,1409,1368,898,1314,915,1354,847,1071,980,834,750,674,217,473,423,349,313,352,385,238,214,251,193,165,148,118,166,75,98,113,81,133,72,80,51,68,94,53,52,55,50
Trinity,11,15,11,10,4,3,18,7,12,5,13,14,18,15,17,16,7,2,24,12,20,16,10,4,9,5,8,9,8,6,4,1,3,5,4,2,5,4,0,0,5,3,1,2,2,0,2,1,4,2,0,0,3,3,0,1,2,0,0,0,0,0,3,0
Tyler,13,18,17,11,10,8,3,6,6,12,15,30,16,15,25,9,36,11,10,15,25,21,15,4,3,3,6,4,7,16,5,4,8,7,4,4,6,1,1,3,1,3,1,2,0,0,3,0,0,0,1,2,2,0,0,2,0,0,1,1,1,0,2,1
Upshur,9,8,12,6,3,2,9,8,5,16,16,12,16,16,10,12,11,9,23,14,24,18,17,19,18,6,26,10,12,14,11,7,7,20,13,6,10,2,2,2,5,5,2,1,2,4,4,11,3,5,1,1,5,1,3,4,5,1,0,2,1,1,1,7
Upton,0,2,2,2,3,0,0,0,0,0,1,1,1,1,0,0,0,0,0,0,2,2,1,1,1,1,1,0,1,0,0,0,1,0,0,3,0,1,0,0,0,0,2,0,0,0,0,0,1,0,0,1,0,0,0,0,0,0,0,0,0,0,0,0
Uvalde,31,62,65,103,75,5,59,73,134,61,79,156,112,119,160,255,22,160,291,82,288,134,122,93,82,82,91,46,64,33,75,18,53,42,24,0,9,14,14,23,8,37,8,2,9,9,4,4,11,6,3,5,2,2,2,3,2,3,0,3,3,3,0,1
Val Verde,41,42,6,70,97,34,117,83,86,115,96,35,137,82,67,88,89,114,279,132,233,163,91,174,179,99,190,100,53,109,88,74,83,63,58,16,41,47,21,22,30,23,13,9,18,13,9,12,8,11,4,6,2,0,4,7,3,1,1,3,3,2,3,0
Van Zandt,12,22,28,16,11,29,15,37,19,20,8,30,28,39,40,17,45,35,33,34,65,390,39,20,47,10,34,24,24,29,30,21,22,43,28,19,21,9,9,6,10,14,15,7,6,13,4,6,6,3,0,8,3,1,2,4,2,1,4,2,1,3,1,0
Victoria,22,43,67,65,49,69,35,54,68,45,71,128,136,120,151,49,224,150,38,100,240,163,150,114,59,82,23,110,109,59,74,51,27,52,97,26,50,29,24,12,28,52,22,16,19,13,14,13,11,13,0,6,6,3,12,11,8,2,4,7,3,4,3,0
Walker,127,125,127,112,137,67,187,145,87,93,69,126,133,85,147,101,71,49,224,130,240,259,107,72,106,108,72,63,59,73,47,44,52,55,34,19,37,34,19,31,20,20,12,12,7,10,41,50,31,35,5,8,9,10,15,10,10,2,3,14,8,5,6,5
Waller,68,89,84,60,64,72,70,45,46,64,60,74,71,37,62,91,56,49,53,26,72,42,54,26,21,36,17,49,47,27,16,30,20,26,18,11,23,16,17,24,22,24,9,11,9,10,10,10,39,15,3,1,1,5,5,4,9,2,2,1,5,2,5,2
Ward,5,5,4,5,11,13,2,31,2,12,13,27,28,31,27,0,11,8,12,25,37,22,9,5,20,21,25,28,18,1,2,12,8,19,16,10,0,1,7,8,5,8,9,1,0,6,12,7,4,10,0,2,4,3,4,0,0,0,0,0,0,1,0,2
Washington,115,65,83,75,28,32,136,15,76,39,15,36,49,37,64,86,49,65,52,34,71,86,72,20,18,64,26,43,42,29,16,13,36,25,24,9,10,2,4,20,14,11,10,7,6,0,13,5,6,13,3,3,0,7,3,4,6,1,1,2,4,6,7,1
Webb,380,555,636,695,1000,607,885,794,743,524,468,757,605,525,623,644,408,762,1212,492,1196,1241,1146,1276,814,602,717,511,779,695,565,620,971,585,275,238,454,262,336,200,288,252,184,63,203,186,157,141,143,267,75,87,99,45,127,96,113,27,28,52,67,46,26,29
Wharton,28,50,62,50,25,21,52,41,34,40,37,34,65,40,45,30,39,23,26,31,34,26,42,12,31,16,26,21,21,28,23,9,29,29,15,3,6,9,7,18,14,9,6,5,0,10,8,6,7,9,1,4,3,3,5,5,4,1,2,4,2,7,3,2
Wheeler,9,0,4,2,0,2,8,4,2,6,3,8,5,7,5,3,0,2,0,5,0,1,0,0,0,0,1,2,0,0,0,1,1,3,5,2,1,1,1,1,1,1,3,0,0,5,1,1,0,1,0,0,0,2,3,0,1,0,0,0,1,0,1,1
Wichita,102,124,234,125,140,33,274,86,202,180,211,284,295,403,505,206,268,352,379,434,280,362,286,303,178,171,198,465,324,136,64,93,49,81,30,47,24,13,23,27,26,22,27,13,19,6,12,13,7,19,7,1,6,17,6,7,2,4,3,6,0,14,23,26
Wilbarger,28,19,6,4,35,17,13,18,26,8,4,32,17,15,27,10,18,12,18,24,6,12,12,9,3,4,9,13,27,1,1,9,0,3,3,3,0,3,1,1,3,4,4,1,1,3,0,1,2,2,1,0,0,0,0,1,0,0,0,2,0,0,0,1
Willacy,11,7,17,24,9,9,8,18,20,13,17,30,30,35,25,30,44,28,20,42,58,83,45,24,37,6,38,32,41,33,37,17,6,13,7,18,8,20,5,9,7,10,10,10,9,6,7,13,5,14,6,5,7,6,11,6,13,2,1,4,3,7,4,5
Williamson,1767,985,1256,1070,1050,877,1189,1020,699,1205,593,990,1610,1026,1097,759,937,787,1258,1105,1672,1537,1324,602,958,563,1064,756,777,657,440,390,528,417,403,145,272,211,201,272,221,251,143,93,107,199,128,147,115,99,50,28,66,74,75,91,67,26,17,50,51,54,93,36
Wilson,34,18,36,46,20,22,26,35,28,43,37,81,40,30,52,43,86,52,59,34,62,64,47,79,46,51,35,39,56,30,29,32,32,19,28,18,21,11,30,8,17,10,8,9,5,2,4,9,0,6,1,5,2,1,4,2,3,1,6,10,0,7,8,3
Winkler,2,0,0,7,8,10,2,11,1,4,3,8,7,11,10,11,18,8,11,8,17,22,4,1,12,6,16,31,11,2,1,4,6,14,17,3,2,1,2,11,9,2,5,0,0,2,5,2,4,3,0,0,0,5,6,0,0,0,0,0,0,1,1,0
Wise,34,79,106,70,64,65,99,177,70,142,37,79,179,192,124,99,147,192,192,146,249,132,117,94,88,82,63,103,77,80,61,45,59,47,35,21,18,16,12,16,17,19,17,8,9,11,8,9,3,13,3,2,11,0,2,5,2,0,1,3,3,4,1,2
Wood,19,19,22,17,7,15,18,21,17,32,13,21,49,49,36,16,20,31,24,57,66,56,61,17,44,8,51,30,22,39,26,27,21,42,29,18,17,18,9,10,11,15,16,10,5,8,1,10,3,6,0,4,3,2,4,2,1,0,1,3,0,1,0,0
Yoakum,0,1,6,0,1,1,0,2,0,1,2,3,0,3,8,2,2,3,1,2,18,6,4,2,1,1,1,0,2,3,2,1,0,0,1,1,1,0,1,0,0,2,0,0,0,0,0,0,0,1,0,1,0,0,0,1,0,1,0,1,0,3,0,1
Young,7,9,6,18,10,13,24,13,9,6,4,5,28,17,20,25,41,8,9,10,18,23,12,16,14,8,14,16,17,19,7,30,6,11,6,2,0,0,7,6,17,12,7,3,1,8,9,13,11,2,0,0,0,0,2,1,0,0,0,5,0,5,1,0
Zapata,0,0,3,4,9,1,2,2,3,4,4,2,10,0,2,3,1,3,15,1,1,4,8,7,0,2,3,3,6,4,1,6,5,6,3,27,18,35,11,25,13,21,12,4,34,9,21,8,5,11,5,5,3,7,6,9,8,8,3,3,2,3,5,4
Zavala,25,19,54,22,19,33,33,37,18,13,9,27,40,49,48,34,17,30,65,21,78,50,41,19,13,16,30,16,14,18,19,7,24,6,11,3,21,8,4,16,11,7,9,4,5,0,1,7,0,4,5,1,0,0,1,4,0,1,1,1,0,1,0,1
Incomplete Address,1257,1808,1833,1458,1813,463,2276,1588,1590,1489,2775,2205,2466,1432,3497,988,2250,1095,907,2048,2061,1759,1058,600,1779,384,370,1191,930,873,577,815,356,1850,325,622,192,254,232,158,228,204,194,118,98,90,155,198,102,130,44,60,72,56,93,84,107,21,32,58,40,18,58,32
Total,44110,47131,51481,44431,39943,35453,44857,43255,34814,41968,46795,61113,59268,48390,55616,43374,54407,44610,47966,37900,55886,52287,49197,33779,35572,25268,30747,30892,34567,23487,23582,28471,21082,22694,16495,12288,14755,12331,8801,9272,11643,9778,9630,7433,5655,8000,4588,5950,8367,6406,1759,3439,4084,2686,3805,4693,2980,909,2227,2645,2085,2274,2431,2669
,,,,,,,,,,,,,,,,,,,,,,,,,,,,,,,,,,,,,,,,,,,,,,,,,,,,,,,,,,,,,,,,
Additional information can be found on the Data Notes page: https://dshs.texas.gov/coronavirus/datanotes.aspx.,,,,,,,,,,,,,,,,,,,,,,,,,,,,,,,,,,,,,,,,,,,,,,,,,,,,,,,,,,,,,,,,